{"Ce":{"cd":0.0848528137423857,"mgt":1.0,"ru":0.0458257569495584,"and":1.0e-5,"FeTiOx":2.82842712474619,"opx":0.239791576165636,"ep":2.44,"mu":1.0e-5,"zrn":3.46410161513776,"q":0.00316227766016838,"g":0.237170824512628,"sp":0.00387298334620742,"pl":0.284604989415154,"sill":1.0e-5,"amp":1.0,"all":1224.74487139159,"afs":0.0866025403784439,"cpx":1.09544511501033,"bi":0.948683298050514,"ap":21.2132034355964,"ol":0.0774596669241483,"ttn":7.41619848709567},"Nb":{"cd":0.0316227766016838,"mgt":1.67332005306815,"ru":61.2372435695795,"and":1.0e-5,"FeTiOx":28.2842712474619,"opx":0.25298221281347,"ep":0.226,"mu":1.0e-5,"zrn":22.3606797749979,"q":0.00316227766016838,"g":0.0316227766016838,"sp":0.0707106781186547,"pl":0.1,"sill":1.0e-5,"amp":2.0,"all":0.447213595499958,"afs":0.0447213595499958,"cpx":0.109544511501033,"bi":6.32455532033676,"ap":0.0316227766016838,"ol":0.031224989991992,"ttn":3.46410161513776},"Gd":{"cd":0.403112887414927,"mgt":1.18321595661992,"ru":0.0354964786985977,"and":1.0e-5,"FeTiOx":2.36643191323985,"opx":0.58309518948453,"ep":4.67,"mu":1.0e-5,"zrn":20.4939015319192,"q":0.00316227766016838,"g":6.12372435695795,"sp":0.0144913767461894,"pl":0.116189500386222,"sill":1.0e-5,"amp":4.74341649025257,"all":254.950975679639,"afs":0.0187082869338697,"cpx":3.06186217847897,"bi":0.51234753829798,"ap":52.9150262212919,"ol":0.13228756555323,"ttn":10.2469507659596},"V":{"cd":0.447213595499958,"mgt":36.0555127546399,"ru":47.4341649025257,"and":1.0e-5,"FeTiOx":31.6227766016838,"opx":3.16227766016838,"ep":0.1,"mu":1.0e-5,"zrn":0.1,"q":0.00316227766016838,"g":4.47213595499958,"sp":8.36660026534076,"pl":0.158113883008419,"sill":1.0e-5,"amp":6.70820393249937,"all":1.0,"afs":0.223606797749979,"cpx":4.74341649025257,"bi":3.16227766016838,"ap":0.316227766016838,"ol":0.244948974278318,"ttn":5.47722557505166},"Dy":{"cd":1.14564392373896,"mgt":1.10679718105893,"ru":0.0256904651573302,"and":1.0e-5,"FeTiOx":1.58113883008419,"opx":0.848528137423857,"ep":4.5,"mu":1.0e-5,"zrn":44.1588043316392,"q":0.00316227766016838,"g":22.3606797749979,"sp":0.015,"pl":0.0948683298050513,"sill":1.0e-5,"amp":5.42217668469038,"all":118.321595661992,"afs":0.02,"cpx":3.57770876399966,"bi":0.519615242270663,"ap":45.8257569495584,"ol":0.175499287747842,"ttn":7.88035532193822},"Pr":{"cd":0.0989949493661167,"mgt":1.06066017177982,"ru":0.0494974746830583,"and":1.0e-5,"FeTiOx":2.57875939164553,"opx":0.289827534923789,"ep":2.85475042692001,"mu":1.0e-5,"zrn":2.0,"q":0.00316227766016838,"g":0.460977222864644,"sp":0.006,"pl":0.221359436211786,"sill":1.0e-5,"amp":1.59687194226713,"all":1005.98210719674,"afs":0.0547722557505166,"cpx":1.48323969741913,"bi":0.790569415042095,"ap":30.5777697028413,"ol":0.0916515138991168,"ttn":8.83176086632785},"Th":{"cd":0.193649167310371,"mgt":0.221359436211787,"ru":0.335410196624968,"and":1.0e-5,"FeTiOx":0.387298334620742,"opx":0.158113883008419,"ep":156.0,"mu":1.0e-5,"zrn":18.02775637732,"q":0.00316227766016838,"g":0.0774596669241483,"sp":0.00790569415042094,"pl":0.0547722557505166,"sill":1.0e-5,"amp":0.212132034355964,"all":424.264068711929,"afs":0.0144913767461894,"cpx":0.14142135623731,"bi":0.316227766016838,"ap":1.0,"ol":0.02,"ttn":0.223606797749979},"Sr":{"cd":0.187082869338697,"mgt":0.0264575131106459,"ru":0.0707106781186547,"and":1.0e-5,"FeTiOx":0.193649167310371,"opx":0.0447213595499958,"ep":2.0,"mu":1.0e-5,"zrn":4.47213595499958,"q":0.00316227766016838,"g":0.0223606797749979,"sp":0.00346410161513776,"pl":4.47213595499958,"sill":1.0e-5,"amp":0.387298334620742,"all":1.0,"afs":3.87298334620742,"cpx":0.335410196624968,"bi":0.223606797749979,"ap":7.07106781186548,"ol":0.13228756555323,"ttn":2.23606797749979},"Hf":{"cd":0.0774596669241483,"mgt":0.707106781186547,"ru":5.29150262212918,"and":1.0e-5,"FeTiOx":1.58113883008419,"opx":0.0948683298050513,"ep":10.0,"mu":1.0e-5,"zrn":948.683298050515,"q":0.00316227766016838,"g":0.707106781186547,"sp":0.1,"pl":0.0670820393249937,"sill":1.0e-5,"amp":0.707106781186547,"all":12.2474487139159,"afs":0.0158113883008419,"cpx":0.547722557505166,"bi":0.632455532033676,"ap":0.387298334620742,"ol":0.0284604989415154,"ttn":1.73205080756888},"Yb":{"cd":3.16227766016838,"mgt":0.707106781186547,"ru":0.0173205080756888,"and":1.0e-5,"FeTiOx":1.26491106406735,"opx":1.2747548783982,"ep":2.96,"mu":1.0e-5,"zrn":173.205080756888,"q":0.00316227766016838,"g":44.7213595499958,"sp":0.012369316876853,"pl":0.0524404424085076,"sill":1.0e-5,"amp":3.74165738677394,"all":26.8328157299975,"afs":0.0234520787991171,"cpx":2.89827534923789,"bi":0.558569601750758,"ap":15.8113883008419,"ol":0.316227766016838,"ttn":2.56904651573303},"Eu":{"cd":0.0316227766016838,"mgt":0.948683298050514,"ru":0.00111803398874989,"and":1.0e-5,"FeTiOx":0.632455532033676,"opx":0.316227766016838,"ep":3.78,"mu":1.0e-5,"zrn":2.23606797749979,"q":0.00316227766016838,"g":1.58113883008419,"sp":0.0106066017177982,"pl":2.73861278752583,"sill":1.0e-5,"amp":3.46410161513776,"all":97.9795897113271,"afs":3.87298334620742,"cpx":2.77488738510232,"bi":0.316227766016838,"ap":21.2132034355964,"ol":0.14142135623731,"ttn":8.06225774829855},"Ta":{"cd":0.0316227766016838,"mgt":2.12132034355964,"ru":27.3861278752583,"and":1.0e-5,"FeTiOx":44.7213595499958,"opx":0.316227766016838,"ep":0.226,"mu":1.0e-5,"zrn":22.3606797749979,"q":0.00316227766016838,"g":0.0707106781186547,"sp":0.0707106781186547,"pl":0.0670820393249937,"sill":1.0e-5,"amp":0.4,"all":2.73861278752583,"afs":0.00707106781186547,"cpx":0.154919333848297,"bi":1.89736659610103,"ap":0.0316227766016838,"ol":0.0335410196624968,"ttn":8.66025403784439},"Lu":{"cd":3.51781181986757,"mgt":0.547722557505166,"ru":0.0158113883008419,"and":1.0e-5,"FeTiOx":1.26491106406735,"opx":1.54919333848297,"ep":2.61933874283863,"mu":1.0e-5,"zrn":223.606797749979,"q":0.00316227766016838,"g":37.4165738677394,"sp":0.0116189500386222,"pl":0.0447213595499958,"sill":1.0e-5,"amp":2.95803989154981,"all":17.7482393492988,"afs":0.0244948974278318,"cpx":2.77488738510232,"bi":0.559016994374947,"ap":12.5499003980111,"ol":0.387298334620742,"ttn":1.67332005306815},"Sc":{"cd":2.23606797749979,"mgt":8.66025403784439,"ru":0.316227766016838,"and":1.0e-5,"FeTiOx":4.47213595499958,"opx":22.3606797749979,"ep":0.0001,"mu":1.0e-5,"zrn":63.2455532033676,"q":0.00316227766016838,"g":22.3606797749979,"sp":0.316227766016838,"pl":0.0316227766016838,"sill":1.0e-5,"amp":14.142135623731,"all":57.0087712549569,"afs":0.0316227766016838,"cpx":26.4575131106459,"bi":9.21954445729289,"ap":0.316227766016838,"ol":0.447213595499958,"ttn":2.23606797749979},"Rb":{"cd":0.106066017177982,"mgt":0.0223606797749979,"ru":0.0118321595661992,"and":1.0e-5,"FeTiOx":0.0223606797749979,"opx":0.0158113883008419,"ep":0.0045,"mu":1.0e-5,"zrn":0.632455532033676,"q":0.00316227766016838,"g":0.00790569415042094,"sp":0.00547722557505166,"pl":0.126491106406735,"sill":1.0e-5,"amp":0.0547722557505166,"all":0.0632455532033676,"afs":0.948683298050514,"cpx":0.0316227766016838,"bi":4.0,"ap":0.00316227766016838,"ol":0.0223606797749979,"ttn":0.4},"Ho":{"cd":1.58113883008419,"mgt":1.02469507659596,"ru":0.0241867732448956,"and":1.0e-5,"FeTiOx":1.58113883008419,"opx":0.924662100445346,"ep":4.12431812546026,"mu":1.0e-5,"zrn":73.4846922834954,"q":0.00316227766016838,"g":32.4037034920393,"sp":0.0141421356237309,"pl":0.0774596669241483,"sill":1.0e-5,"amp":5.24404424085076,"all":84.8528137423857,"afs":0.02,"cpx":3.35410196624969,"bi":0.53851648071345,"ap":37.0809924354783,"ol":0.193649167310371,"ttn":6.557438524302},"Tm":{"cd":2.80624304008046,"mgt":0.866025403784439,"ru":0.0185202591774521,"and":1.0e-5,"FeTiOx":1.42302494707577,"opx":1.16189500386223,"ep":3.34496636754392,"mu":1.0e-5,"zrn":139.64240043769,"q":0.00316227766016838,"g":44.7213595499958,"sp":0.0130384048104053,"pl":0.0574456264653803,"sill":1.0e-5,"amp":4.5,"all":43.301270189222,"afs":0.0234520787991171,"cpx":3.07408522978788,"bi":0.557225268630201,"ap":22.9128784747792,"ol":0.277488738510232,"ttn":3.73496987939662},"Ba":{"cd":0.0223606797749979,"mgt":0.0223606797749979,"ru":0.01,