{"Ce":{"cd":0.0848528137423857,"mgt":0.189736659610103,"ru":0.0141421356237309,"FeTiOx":0.0306186217847897,"opx":0.0204939015319192,"zrn":3.46410161513776,"q":0.00316227766016838,"g":0.0519615242270663,"sp":0.00387298334620742,"pl":0.154919333848297,"amp":0.412310562561766,"all":1174.73401244707,"afs":0.0670820393249937,"cpx":0.212132034355964,"bi":0.06,"ap":7.07106781186548,"ol":0.00489897948556636,"ttn":7.41619848709567},"Nb":{"cd":0.0316227766016838,"mgt":0.136930639376291,"ru":33.5410196624969,"FeTiOx":4.47213595499958,"opx":0.05,"zrn":22.3606797749979,"q":0.00316227766016838,"g":0.0264575131106459,"sp":0.0707106781186547,"pl":0.0612372435695794,"amp":0.559016994374947,"all":0.836660026534076,"afs":0.0158113883008419,"cpx":0.111803398874989,"bi":0.474341649025257,"ap":0.00353553390593274,"ol":0.0193649167310371,"ttn":3.46410161513776},"Gd":{"cd":0.403112887414927,"mgt":0.324037034920393,"ru":0.0194935886896179,"FeTiOx":0.0790569415042095,"opx":0.157480157480236,"zrn":20.4939015319192,"q":0.00316227766016838,"g":1.58113883008419,"sp":0.0144913767461894,"pl":0.0447213595499958,"amp":1.80277563773199,"all":116.189500386222,"afs":0.0167332005306815,"cpx":0.725603197346869,"bi":0.0741619848709566,"ap":18.3711730708738,"ol":0.0228035085019828,"ttn":10.2469507659596},"V":{"cd":0.447213595499958,"mgt":22.3606797749979,"ru":3.16227766016838,"FeTiOx":11.180339887499,"opx":1.5,"zrn":0.1,"q":0.00316227766016838,"g":2.64575131106459,"sp":8.36660026534076,"pl":0.158113883008419,"amp":5.47722557505166,"all":1.0,"afs":0.111803398874989,"cpx":1.93649167310371,"bi":3.16227766016838,"ap":0.223606797749979,"ol":0.16431676725155,"ttn":5.47722557505166},"Dy":{"cd":1.14564392373896,"mgt":0.301662062579967,"ru":0.022248595461287,"FeTiOx":0.0989949493661167,"opx":0.256124969497314,"zrn":44.1588043316392,"q":0.00316227766016838,"g":5.45435605731786,"sp":0.015,"pl":0.03,"amp":2.29128784747792,"all":31.6227766016838,"afs":0.0144913767461894,"cpx":0.953939201416946,"bi":0.0793725393319377,"ap":15.6524758424985,"ol":0.0324037034920393,"ttn":7.88035532193822},"Pr":{"cd":0.0989949493661167,"mgt":0.234520787991171,"ru":0.0156524758424985,"FeTiOx":0.0367423461417476,"opx":0.0363318042491699,"zrn":2.0,"q":0.00316227766016838,"g":0.102469507659596,"sp":0.006,"pl":0.122474487139159,"amp":0.574456264653803,"all":948.683298050515,"afs":0.0447213595499958,"cpx":0.290688837074973,"bi":0.0648074069840786,"ap":11.0679718105893,"ol":0.00790569415042094,"ttn":8.83176086632785},"Th":{"cd":0.193649167310371,"mgt":0.0935414346693485,"ru":0.162018517460196,"FeTiOx":0.0158113883008419,"opx":0.1,"zrn":18.02775637732,"q":0.00316227766016838,"g":0.0474341649025257,"sp":0.00790569415042094,"pl":0.0316227766016838,"amp":0.14142135623731,"all":324.037034920393,"afs":0.0173205080756888,"cpx":0.0707106781186547,"bi":0.0474341649025257,"ap":0.790569415042095,"ol":0.0154919333848297,"ttn":0.223606797749979},"Sr":{"cd":0.187082869338697,"mgt":0.0223606797749979,"ru":0.0316227766016838,"FeTiOx":0.00632455532033676,"opx":0.0193649167310371,"zrn":4.47213595499958,"q":0.00316227766016838,"g":0.0173205080756888,"sp":0.00346410161513776,"pl":2.44948974278318,"amp":0.273861278752583,"all":1.0,"afs":2.23606797749979,"cpx":0.287228132326901,"bi":0.234520787991171,"ap":1.93649167310371,"ol":0.01,"ttn":2.23606797749979},"Hf":{"cd":0.0774596669241483,"mgt":0.158113883008419,"ru":3.74165738677394,"FeTiOx":1.5,"opx":0.0547722557505166,"zrn":948.683298050515,"q":0.00316227766016838,"g":0.387298334620742,"sp":0.1,"pl":0.0324037034920393,"amp":0.547722557505166,"all":11.180339887499,"afs":0.0223606797749979,"cpx":0.31224989991992,"bi":0.316227766016838,"ap":0.0707106781186547,"ol":0.0223606797749979,"ttn":1.73205080756888},"Yb":{"cd":3.16227766016838,"mgt":0.223606797749979,"ru":0.0314642654451045,"FeTiOx":0.117473401244707,"opx":0.458257569495584,"zrn":173.205080756888,"q":0.00316227766016838,"g":9.35414346693486,"sp":0.012369316876853,"pl":0.0169705627484771,"amp":1.40712472794703,"all":7.74596669241484,"afs":0.0232379000772445,"cpx":1.1861703081767,"bi":0.0726636084983398,"ap":6.70820393249937,"ol":0.0474341649025257,"ttn":2.56904651573303},"Eu":{"cd":0.0316227766016838,"mgt":0.254950975679639,"ru":0.000632455532033676,"FeTiOx":0.0447213595499958,"opx":0.114017542509914,"zrn":2.23606797749979,"q":0.00316227766016838,"g":0.5,"sp":0.0106066017177982,"pl":1.1180339887499,"amp":1.0,"all":34.6410161513775,"afs":3.35410196624969,"cpx":0.692820323027551,"bi":0.13228756555323,"ap":11.180339887499,"ol":0.0187616630392937,"ttn":8.06225774829855},"Ta":{"cd":0.0316227766016838,"mgt":0.122474487139159,"ru":22.3606797749979,"FeTiOx":6.70820393249937,"opx":0.0670820393249937,"zrn":22.3606797749979,"q":0.00316227766016838,"g":0.05,"sp":0.0707106781186547,"pl":0.0447213595499958,"amp":0.273861278752583,"all":0.836660026534076,"afs":0.00316227766016838,"cpx":0.0707106781186547,"bi":0.316227766016838,"ap":0.00707106781186547,"ol":0.0273861278752583,"ttn":8.66025403784439},"Lu":{"cd":3.51781181986757,"mgt":0.212132034355964,"ru":0.033466401061363,"FeTiOx":0.109544511501033,"opx":0.5,"zrn":223.606797749979,"q":0.00316227766016838,"g":7.74596669241484,"sp":0.0116189500386222,"pl":0.0154919333848297,"amp":1.30384048104053,"all":6.70820393249937,"afs":0.0273861278752583,"cpx":1.18321595661992,"bi":0.0707106781186547,"ap":4.47213595499958,"ol":0.0529150262212918,"ttn":1.67332005306815},"Sc":{"cd":2.23606797749979,"mgt":3.16227766016838,"ru":0.273861278752583,"FeTiOx":1.73205080756888,"opx":5.47722557505166,"zrn":63.2455532033676,"q":0.00316227766016838,"g":3.16227766016838,"sp":0.316227766016838,"pl":0.0316227766016838,"amp":10.0,"all":57.0087712549569,"afs":0.02,"cpx":7.74596669241484,"bi":9.21954445729289,"ap":0.316227766016838,"ol":0.433012701892219,"ttn":2.23606797749979},"Rb":{"cd":0.106066017177982,"mgt":0.0387298334620742,"ru":0.01,"FeTiOx":0.00316227766016838,"opx":0.0244948974278318,"zrn":0.632455532033676,"q":0.00316227766016838,"g":0.00836660026534076,"sp":0.00547722557505166,"pl":0.0447213595499958,"amp":0.122474487139159,"all":0.0632455532033676,"afs":0.948683298050514,"cpx":0.0316227766016838,"bi":3.16227766016838,"ap":0.00316227766016838,"ol":0.013228756555323,"ttn":0.4},"Ho":{"cd":1.58113883008419,"mgt":0.268328157299975,"ru":0.024,"FeTiOx":0.101980390271856,"opx":0.311126983722081,"zrn":73.4846922834954,"q":0.00316227766016838,"g":8.2915619758885,"sp":0.0141421356237309,"pl":0.0256904651573302,"amp":2.08566536146142,"all":18.9736659610103,"afs":0.0162018517460197,"cpx":1.06348483769163,"bi":0.0774596669241483,"ap":13.4164078649987,"ol":0.0369864840178138,"ttn":6.557438524302},"Tm":{"cd":2.80624304008046,"mgt":0.234520787991171,"ru":0.0291204395571221,"FeTiOx":0.117260393995586,"opx":0.4,"zrn":139.64240043769,"q":0.00316227766016838,"g":10.0623058987491,"sp":0.0130384048104053,"pl":0.0182345825288105,"amp":1.51657508881031,"all":10.2469507659596,"afs":0.02,"cpx":1.18215904175369,"bi":0.0734846922834953,"ap":8.94427190999916,"ol":0.0439545219516718,"ttn":3.73496987939662},"Ba":{"cd":0.0223606797749979,"mgt":0.158113883008419,"ru":0.00866025403784438,"FeTiOx":0.00447213595499958,"opx":0.0316227766016838,"zrn":0.632455532033676,"q":0.00316227766016838,"g":0.0154919333848297,"sp":0.00223606797749979,"pl":0.387298334620742,"amp":0.223606797749979,"all":3.46410161513776,"afs":5.47722557505166,"cpx":0.0547722557505166,"bi":5.47722557505166,"ap":0.0790569415042095,"ol":0.0122474487139159,"ttn":1.36930639376292},"Nd":{"cd":0.12,"mgt":0.267394839142419,"ru":0.0172481883106603,"FeTiOx":0.0412310562561766,"opx":0.0574456264653803,"zrn":2.82842712474619,"q":0.00316227766016838,"g":0.205548047910945,"sp":0.00812403840463596,"pl":0.106066017177982,"amp":0.866025403784439,"all":612.372435695795,"afs":0.03,"cpx":0.401870625948202,"bi":0.0670820393249937,"ap":15.0,"ol":0.0116189500386222,"ttn":10.2469507659596},"Y":{"cd":0.987420882906575,"mgt":0.335410196624968,"ru":0.0273861278752583,"FeTiOx":0.0707106781186547,"opx":0.282842712474619,