{"Ce":{"cd":0.0848528137423857,"mgt":0.0273861278752583,"ru":0.0141421356237309,"FeTiOx":0.0306186217847897,"opx":0.00264575131106459,"ep":2.44,"zrc":0.1,"q":0.00316227766016838,"g":0.0219089023002067,"sp":0.00387298334620742,"pl":0.0894427190999916,"amp":0.144913767461894,"all":1174.73401244707,"afs":0.0670820393249937,"cpx":0.0866025403784439,"bi":0.0189736659610103,"ap":7.07106781186548,"ol":0.000447213595499958,"ttn":7.41619848709567},"Nb":{"cd":0.0316227766016838,"mgt":0.1,"ru":33.5410196624969,"FeTiOx":4.47213595499958,"opx":0.00346410161513776,"ep":0.226,"zrc":22.3606797749979,"q":0.00316227766016838,"g":0.013228756555323,"sp":0.0707106781186547,"pl":0.0447213595499958,"amp":0.158113883008419,"all":0.836660026534076,"afs":0.0158113883008419,"cpx":0.00894427190999916,"bi":0.273861278752583,"ap":0.00353553390593274,"ol":0.00273861278752583,"ttn":3.46410161513776},"Gd":{"cd":0.403112887414927,"mgt":0.0774596669241483,"ru":0.0194935886896179,"FeTiOx":0.0790569415042095,"opx":0.0324037034920393,"ep":4.67,"zrc":20.4939015319192,"q":0.00316227766016838,"g":0.821583836257749,"sp":0.0144913767461894,"pl":0.0387298334620742,"amp":0.589915248150105,"all":116.189500386222,"afs":0.0167332005306815,"cpx":0.460977222864644,"bi":0.0447213595499958,"ap":18.3711730708738,"ol":0.00424264068711928,"ttn":10.2469507659596},"V":{"cd":0.447213595499958,"mgt":6.32455532033676,"ru":3.16227766016838,"FeTiOx":11.180339887499,"opx":1.0,"ep":0.1,"zrc":0.1,"q":0.00316227766016838,"g":2.44948974278318,"sp":8.36660026534076,"pl":0.0670820393249937,"amp":4.89897948556636,"all":1.0,"afs":0.111803398874989,"cpx":1.58113883008419,"bi":3.16227766016838,"ap":0.223606797749979,"ol":0.0774596669241483,"ttn":5.47722557505166},"Dy":{"cd":1.14564392373896,"mgt":0.0666333249958307,"ru":0.022248595461287,"FeTiOx":0.0989949493661167,"opx":0.05,"ep":4.5,"zrc":44.1588043316392,"q":0.00316227766016838,"g":1.93649167310371,"sp":0.015,"pl":0.03,"amp":0.66932802122726,"all":31.6227766016838,"afs":0.0144913767461894,"cpx":0.551361950083609,"bi":0.0591607978309961,"ap":15.6524758424985,"ol":0.00908295106229247,"ttn":7.88035532193822},"Pr":{"cd":0.0989949493661167,"mgt":0.0474341649025257,"ru":0.0156524758424985,"FeTiOx":0.0367423461417476,"opx":0.00547722557505166,"ep":2.89,"zrc":2.0,"q":0.00316227766016838,"g":0.0565685424949238,"sp":0.006,"pl":0.0714142842854285,"amp":0.234520787991171,"all":948.683298050515,"afs":0.0447213595499958,"cpx":0.14456832294801,"bi":0.0244948974278318,"ap":11.0679718105893,"ol":0.000935414346693485,"ttn":8.83176086632785},"Th":{"cd":0.193649167310371,"mgt":0.0387298334620742,"ru":0.162018517460196,"FeTiOx":0.0158113883008419,"opx":0.000316227766016838,"ep":156.0,"zrc":18.02775637732,"q":0.00316227766016838,"g":0.002,"sp":0.00790569415042094,"pl":0.1,"amp":0.0141421356237309,"all":324.037034920393,"afs":0.0173205080756888,"cpx":0.00935414346693485,"bi":0.0474341649025257,"ap":0.790569415042095,"ol":0.000707106781186547,"ttn":0.223606797749979},"Sr":{"cd":0.187082869338697,"mgt":0.0122474487139159,"ru":0.0316227766016838,"FeTiOx":0.00632455532033676,"opx":0.0141421356237309,"ep":2.0,"zrc":4.47213595499958,"q":0.00316227766016838,"g":0.013228756555323,"sp":0.00346410161513776,"pl":1.6583123951777,"amp":0.3,"all":1.0,"afs":2.23606797749979,"cpx":0.122474487139159,"bi":0.234520787991171,"ap":1.93649167310371,"ol":0.000109544511501033,"ttn":2.23606797749979},"Hf":{"cd":0.0774596669241483,"mgt":0.2,"ru":3.74165738677394,"FeTiOx":1.5,"opx":0.0547722557505166,"ep":10.0,"zrc":948.683298050515,"q":0.00316227766016838,"g":0.252487623459052,"sp":0.1,"pl":0.0154919333848297,"amp":0.391152144312159,"all":11.180339887499,"afs":0.0223606797749979,"cpx":0.187082869338697,"bi":0.0547722557505166,"ap":0.0707106781186547,"ol":0.00547722557505166,"ttn":1.73205080756888},"Yb":{"cd":3.16227766016838,"mgt":0.05,"ru":0.0314642654451045,"FeTiOx":0.117473401244707,"opx":0.107238052947636,"ep":2.96,"zrc":173.205080756888,"q":0.00316227766016838,"g":4.02336923485777,"sp":0.012369316876853,"pl":0.0203469899493758,"amp":0.53619026473818,"all":7.74596669241484,"afs":0.0232379000772445,"cpx":0.585662018573853,"bi":0.0819756061276768,"ap":6.70820393249937,"ol":0.0273861278752583,"ttn":2.56904651573303},"Eu":{"cd":0.0316227766016838,"mgt":0.0360555127546399,"ru":0.000632455532033676,"FeTiOx":0.0447213595499958,"opx":0.0223606797749979,"ep":3.78,"zrc":2.23606797749979,"q":0.00316227766016838,"g":0.424264068711928,"sp":0.0106066017177982,"pl":0.707106781186547,"amp":0.524404424085076,"all":34.6410161513775,"afs":3.35410196624969,"cpx":0.387298334620742,"bi":0.0418330013267038,"ap":11.180339887499,"ol":0.00316227766016838,"ttn":8.06225774829855},"Ta":{"cd":0.0316227766016838,"mgt":0.1,"ru":22.3606797749979,"FeTiOx":6.70820393249937,"opx":0.00632455532033676,"ep":0.226,"zrc":22.3606797749979,"q":0.00316227766016838,"g":0.0180277563773199,"sp":0.0707106781186547,"pl":0.0447213595499958,"amp":0.220794021658196,"all":0.836660026534076,"afs":0.00316227766016838,"cpx":0.0180277563773199,"bi":0.187082869338697,"ap":0.00707106781186547,"ol":0.005,"ttn":8.66025403784439},"Lu":{"cd":3.51781181986757,"mgt":0.0447213595499958,"ru":0.033466401061363,"FeTiOx":0.109544511501033,"opx":0.120415945787923,"ep":2.55,"zrc":223.606797749979,"q":0.00316227766016838,"g":4.47213595499958,"sp":0.0116189500386222,"pl":0.0178885438199983,"amp":0.458257569495584,"all":6.70820393249937,"afs":0.0273861278752583,"cpx":0.559910707166777,"bi":0.0866025403784439,"ap":4.47213595499958,"ol":0.0282842712474619,"ttn":1.67332005306815},"Sc":{"cd":2.23606797749979,"mgt":1.4142135623731,"ru":0.273861278752583,"FeTiOx":1.73205080756888,"opx":1.22474487139159,"ep":0.0001,"zrc":63.2455532033676,"q":0.00316227766016838,"g":3.74165738677394,"sp":0.316227766016838,"pl":0.0316227766016838,"amp":3.87298334620742,"all":57.0087712549569,"afs":0.02,"cpx":4.74341649025257,"bi":9.21954445729289,"ap":0.316227766016838,"ol":0.287228132326901,"ttn":2.23606797749979},"Rb":{"cd":0.106066017177982,"mgt":0.0158113883008419,"ru":0.01,"FeTiOx":0.00316227766016838,"opx":0.00547722557505166,"ep":0.0045,"zrc":0.632455532033676,"q":0.00316227766016838,"g":0.000866025403784438,"sp":0.00547722557505166,"pl":0.0547722557505166,"amp":0.223606797749979,"all":0.0632455532033676,"afs":0.948683298050514,"cpx":0.00948683298050514,"bi":2.0,"ap":0.00316227766016838,"ol":0.00223606797749979,"ttn":0.4},"Ho":{"cd":1.58113883008419,"mgt":0.0620483682299543,"ru":0.024,"FeTiOx":0.101980390271856,"opx":0.0619677335393187,"ep":4.14,"zrc":73.4846922834954,"q":0.00316227766016838,"g":2.54950975679639,"sp":0.0141421356237309,"pl":0.0267394839142419,"amp":0.681175454637056,"all":18.9736659610103,"afs":0.0162018517460197,"cpx":0.585662018573853,"bi":0.0692820323027551,"ap":13.4164078649987,"ol":0.013228756555323,"ttn":6.557438524302},"Tm":{"cd":2.80624304008046,"mgt":0.0547722557505166,"ru":0.0291204395571221,"FeTiOx":0.117260393995586,"opx":0.0916515138991168,"ep":3.37,"zrc":139.64240043769,"q":0.00316227766016838,"g":3.51781181986757,"sp":0.0130384048104053,"pl":0.0222261107708929,"amp":0.603738353924943,"all":10.2469507659596,"afs":0.02,"cpx":0.608276253029822,"bi":0.0793725393319377,"ap":8.94427190999916,"ol":0.0241867732448956,"ttn":3.73496987939662},"Ba":{"cd":0.0223606797749979,"mgt":0.0158113883008419,"ru":0.00866025403784438,"FeTiOx":0.00447213595499958,"opx":0.00173205080756888,"ep":0.408,"zrc":0.632455532033676,"q":0.00316227766016838,"g":0.000387298334620741,"sp":0.00223606797749979,"pl":0.335410196624968,"amp":0.31224989991992,"all":3.46410161513776,"afs":5.47722557505166,"cpx":0.005,"bi":4.47213595499958,"ap":0.0790569415042095,"ol":0.00223606797749979,"ttn":1.36930639376292},"Nd":{"cd":0.12,"mgt":0.062449979983984,"ru":0.0172481883106603,"FeTiOx":0.0412310562561766,"opx":0.0109544511501033,"ep":3.78,"zrc":2.82842712474619,"q":0.00316227766016838,"g":0.122474487139159,"sp":0.00812403840463596,"pl":0.0591607978309961,"amp":0.346410161513775,"all":612.372435695795,"afs":0.03,